Episode,Steps,Falling Position,Total Reward
0,32,0.4725846194668364,-32.724614159949084
1,33,0.495929961949777,-27.221011415066897
2,33,0.4860133892133831,-30.195983235985068
3,34,0.5027644093735262,-26.670677187942147
4,33,0.4761707718207546,-33.14876845377361
5,33,0.4860265395387202,-30.192038138383936
6,32,0.4646776102827701,-35.09671691516897
7,33,0.4925040628726052,-28.248781138218447
8,34,0.49727334822311064,-28.317995533066807
9,34,0.49479030264733836,-29.06290920579849
10,32,0.4804706416547404,-30.35880750357788
11,36,0.5326247402164981,-20.712577935050575
12,36,0.5309905536669106,-21.202833899926816
13,35,0.508569837831466,-26.42904865056019
14,34,0.4981865083211119,-28.044047503666434
15,33,0.4783389879406599,-32.49830361780204
16,33,0.4895493785946172,-29.135186421614833
17,32,0.48575143486234396,-28.774569541296813
18,32,0.474479252005942,-32.156224398217404
19,34,0.503490255623511,-26.452923312946695
20,35,0.49919951115116135,-29.240146654651596
21,34,0.490572856051152,-30.328143184654408
22,31,0.45687428235366667,-35.9377152939
23,34,0.488518905836969,-30.9443282489093
24,35,0.5334269450041589,-18.971916498752336
25,34,0.4883862326337507,-30.98413020987479
26,33,0.4812975748708652,-31.610727538740434
27,33,0.49088938231184187,-28.73318530644744
28,32,0.47915518426627557,-30.75344472011733
29,34,0.4882164477119204,-31.035065686423877
30,32,0.46639786160617547,-34.58064151814736
31,33,0.47977989055804215,-32.066032832587354
32,32,0.45353650156081216,-38.43904953175635
33,33,0.48707983157696333,-29.876050526911
34,33,0.4796449044184925,-32.10652867445225
35,34,0.5023864623935737,-26.784061281927904
36,34,0.4860143111119868,-31.695706666403964
37,30,0.4360041971593134,-40.69874085220599
38,35,0.510388317306969,-25.883504807909304
39,35,0.514981975114793,-24.505407465562087
40,34,0.5195959466596349,-21.62121600210952
41,34,0.5060085450379574,-25.697436488612766
42,31,0.4537819995749359,-36.86540012751922
43,34,0.5095448762184276,-24.636537134471723
44,37,0.5521469766732849,-16.355906998014518
45,33,0.48472341909466365,-30.582974271600904
46,34,0.5050431110452038,-25.98706668643885
47,40,0.5915878999619508,-9.023630011414753
48,32,0.47406288283027465,-32.281135150917606
49,33,0.466849697907989,-35.94509062760329
50,34,0.5069313263382114,-25.42060209853659
51,35,0.5001086926060978,-28.96739221817066
52,33,0.477742931621826,-32.677120513452195
53,33,0.4767736390917392,-32.96790827247824
54,32,0.46237162797567777,-35.78851160729667
55,37,0.5417554629196673,-19.473361124099824
56,35,0.5137481463241187,-24.875556102764392
57,33,0.48589973518386387,-30.23007944484084
58,35,0.531759826081796,-19.472052175461215
59,35,0.5071644838758047,-26.85065483725859
60,35,0.5114476710479963,-25.56569868560112
61,33,0.46405307635367876,-36.78407709389637
62,31,0.4445277283641218,-39.64168149076346
63,33,0.48751769208937645,-29.744692373187064
64,33,0.4995236769694671,-26.142896909159873
65,33,0.49490164021813143,-27.52950793456057
66,33,0.49337177605075055,-27.988467184774834
67,35,0.5036698442197931,-27.89904673406207
68,33,0.47973455130738785,-32.079634607783646
69,36,0.5144189379703477,-26.174318608895703
70,34,0.5106835268894017,-24.2949419331795
71,34,0.4957614410831326,-28.771567675060226
72,33,0.5047324153908122,-24.580275382756355
73,38,0.564737035443386,-14.078889366984185
74,32,0.4602805188427652,-36.415844347170435
75,36,0.5466557496644171,-16.50327510067487
76,34,0.503366535005199,-26.490039498440296
77,32,0.4772163953955797,-31.33508138132609
78,33,0.47526026936810695,-33.421919189567916
79,34,0.4945237373049878,-29.142878808503667
80,35,0.497605294075278,-29.718411777416605
81,34,0.49637848771934046,-28.586453684197863
82,34,0.49618881482756905,-28.643355551729286
83,35,0.5081857003920263,-26.54428988239212
84,34,0.4980670118980157,-28.079896430595284
85,33,0.48949519071757663,-29.15144278472701
86,37,0.545670705342836,-18.298788397149195
87,41,0.5990551872423353,-8.283443827299408
88,33,0.487859651075631,-29.642104677310698
89,34,0.5005121632400105,-27.34635102799686
90,35,0.5293917315958723,-20.18248052123832
91,33,0.4967374487094034,-26.97876538717898
92,33,0.4697128424839434,-35.08614725481698
93,34,0.5106152476491559,-24.315425705253233
94,35,0.517858558722601,-23.6424323832197
95,33,0.4952626393854018,-27.421208184379452
96,33,0.4918235265689077,-28.452942029327687
97,30,0.4406616675138295,-39.301499745851146
98,35,0.5022790933652672,-28.316271990419835
99,34,0.5079979543418958,-25.10061369743127
100,35,0.5065794403980419,-27.026167880587423
101,34,0.4957450790118543,-28.776476296443718
102,32,0.4925088908851407,-26.747332734457785
103,29,0.43138667797803265,-40.583996606590205
104,35,0.4929552585043595,-31.11342244869215
105,31,0.45824806031097154,-35.52558190670854
106,32,0.4927477033738654,-26.675688987840374
107,33,0.49777247306525396,-26.66825808042381
108,32,0.46296520437731914,-35.61043868680426
109,36,0.5182063028106683,-25.03810915679952
110,34,0.481355309335072,-33.093407199478406
111,32,0.4884683562619969,-27.959493121400925
112,32,0.4818382654200377,-29.948520373988686
113,33,0.4675555368455804,-35.73333894632589
114,31,0.44426371086464655,-39.72088674060603
115,30,0.4573342245892107,-34.29973262323679
116,33,0.4897861141615252,-29.064165751542447
117,32,0.4567726992948309,-37.468190211550734
118,34,0.499549137455908,-27.635258763227597
119,34,0.4918771410079472,-29.936857697615835
120,33,0.48970642886322224,-29.088071341033327
121,37,0.5372253183650813,-20.832404490475625
122,31,0.46279851334600863,-34.16044599619741
123,33,0.49242331170489706,-28.273006488530882
124,31,0.46062333443738623,-34.81299966878413
125,35,0.4998850172902962,-29.034494812911134
126,35,0.5227326115873296,-22.180216523801107
127,36,0.5085129353791018,-27.94611938626946
128,33,0.5073930974816179,-23.78207075551464
129,35,0.5133786087904042,-24.98641736287874
130,34,0.5013551461222221,-27.09345616333337
131,33,0.5004273259527068,-25.871802214187966
132,33,0.4742758122119639,-33.71725633641083
133,33,0.501932816381526,-25.420155085542206
134,35,0.5224794721203097,-22.256158363907105
135,32,0.4646247912959538,-35.11256261121386
136,33,0.4746565388520949,-33.60303834437153
137,38,0.5417108188852993,-20.98675433441022
138,35,0.5314405905033297,-19.56782284900109
139,35,0.5131741876404803,-25.047743707855915
140,33,0.4776242022801611,-32.712739315951666
141,35,0.5150240048647134,-24.492798540585966
142,35,0.5243422280400125,-21.697331587996246
143,34,0.5032741687552971,-26.51774937341088
144,33,0.48109568568350625,-31.671294294948126
145,34,0.5065709698396788,-25.528709048096374
146,34,0.508173285834971,-25.048014249508697
147,36,0.5286020891681247,-21.919373249562597
148,34,0.5059013440632967,-25.729596781010997
149,32,0.47871228189651305,-30.886315431046086
150,34,0.4840967369672171,-32.27097890983487
151,32,0.47966383007314306,-30.600850978057082
152,31,0.46658533492608,-33.024399522176
153,33,0.49420775792265204,-27.73767262320439
154,33,0.4755452360561421,-33.33642918315738
155,32,0.47104045172721243,-33.18786448183627
156,32,0.4738470978982505,-32.34587063052484
157,33,0.503418154801814,-24.974553559455813
158,33,0.482526797677032,-31.241960696890402
159,33,0.4890745025907748,-29.277649222767565
160,32,0.46792663779550736,-34.12200866134779
161,35,0.5256614954776282,-21.301551356711542
162,34,0.5056045622357033,-25.81863132928902
163,34,0.501858950004447,-26.942314998665893
164,33,0.4825636680809069,-31.230899575727932
165,34,0.5113230937482598,-24.103071875522062
166,33,0.4929974259468608,-28.10077221594176
167,31,0.4760544780627143,-30.183656581185716
168,32,0.4765662360653451,-31.53012918039647
169,35,0.518886267120152,-23.334119863954413
170,35,0.5098973199999435,-26.030804000016957
171,35,0.5328707427977974,-19.138777160660766
172,36,0.5258758169610189,-22.737254911694322
173,34,0.48777156924963094,-31.168529225110717
174,34,0.5041651354254171,-26.250459372374877
175,34,0.48591763177194025,-31.724710468417925
176,35,0.49622796854551154,-30.131609436346537
177,32,0.47030481224059173,-33.40855632782248
178,31,0.44310997435957233,-40.0670076921283
179,35,0.5114395235353726,-25.568142939388224
180,35,0.5215834596953854,-22.524962091384367
181,32,0.4899467363818317,-27.515979085450482
182,32,0.4690641589777229,-33.78075230668313
183,33,0.47930733682174775,-32.207798953475674
184,33,0.4919222386668167,-28.423328399954983
185,34,0.5151149271411697,-22.965521857649094
186,33,0.4802556361844239,-31.923309144672828
187,37,0.5361064103943676,-21.16807688168973
188,35,0.5146050752799667,-24.618477416009995
189,31,0.44828826037748826,-38.51352188675352
190,35,0.48900242386518045,-32.299272840445866
191,34,0.506969432091168,-25.409170372649612
192,38,0.5399570591780645,-21.51288224658066
193,32,0.4653562041736592,-34.89313874790224
194,34,0.49460439843618076,-29.118680469145772
195,33,0.47950421202057925,-32.148736393826226
196,34,0.4869391868867936,-31.418243933961918
197,33,0.486930863747169,-29.920740875849305
198,32,0.4692951074452978,-33.711467766410664
199,32,0.4816751346863626,-29.997459594091225
200,31,0.4411820351934068,-40.645389441977954
201,31,0.45512278477129087,-36.46316456861274
202,35,0.4994895606787111,-29.153131796386674
203,32,0.4472571096455553,-40.322867106333405
204,34,0.49549720778013295,-28.850837665960114
205,34,0.5021230046873058,-26.863098593808274
206,34,0.500946914921137,-27.21592552365891
207,34,0.49969697452025486,-27.590907643923543
208,34,0.5008610585323297,-27.241682440301105
209,32,0.48288206082882823,-29.63538175135153
210,34,0.5011647900999989,-27.150562970000323
211,36,0.5117665602761008,-26.970031917169763
212,34,0.5157396167064192,-22.778114988074236
213,33,0.45874884263287186,-38.37534721013844
214,34,0.5073552750194139,-25.293417494175827
215,34,0.4910684991104688,-30.179450266859362
216,32,0.4951717723105702,-25.948468306828943
217,35,0.5131947748920282,-25.041567532391525
218,35,0.522215593254991,-22.335322023502698
219,34,0.5026693730304927,-26.699188090852175
220,37,0.5363186595290301,-21.10440214129096
221,34,0.5126170904434275,-23.714872866971746
222,35,0.5129864938282154,-25.104051851535388
223,33,0.4851068213895502,-30.467953583134943
224,34,0.49067370181511905,-30.297889455464286
225,32,0.47811471753203705,-31.065584740388886
226,32,0.47803684158307647,-31.08894752507706
227,35,0.49884640219047327,-29.34607934285802
228,30,0.4431990694728114,-38.54027915815658
229,32,0.4720082573265856,-32.897522802024326
230,36,0.5215552422225826,-24.033427333225205
231,34,0.4986286580590189,-27.91140258229433
232,33,0.48524036940889204,-30.42788917733239
233,32,0.4704450633814403,-33.366480985567904
234,34,0.5019232754009693,-26.923017379709222
235,31,0.48210918966171334,-28.367243101485997
236,35,0.5061444976662841,-27.156650700114767
237,31,0.4433309202410598,-40.00072392768206
238,33,0.4933807224636553,-27.985783260903418
239,33,0.47515666437597304,-33.45300068720809
240,36,0.535203411986295,-19.938976404111514
241,31,0.4585763618872889,-35.42709143381333
242,32,0.4659388294321829,-34.71835117034513
243,34,0.48730327210720503,-31.30901836783849
244,32,0.48783510793064266,-28.1494676208072
245,32,0.48687170602023855,-28.438488193928436
246,32,0.47709680642513064,-31.37095807246081
247,34,0.5092732412899039,-24.718027613028823
248,34,0.5153966803682337,-22.880995889529885
249,34,0.4837746362661477,-32.36760912015569
250,33,0.4698757499706048,-35.03727500881857
251,33,0.4879479131001432,-29.615626069957045
252,33,0.4868147588725975,-29.955572338220747
253,34,0.4872344992124198,-31.329650236274063
254,36,0.5251095295825365,-22.96714112523904
255,33,0.4793201657158761,-32.20395028523717
256,31,0.45104534265733065,-37.686397202800805
257,32,0.4767166004411294,-31.48501986766118
258,36,0.5184176037738695,-24.974718867839158
259,33,0.49522286895466294,-27.433139313601117
260,33,0.4812580335737451,-31.622589927876476
261,35,0.5186572908950708,-23.402812731478747
262,31,0.4541457343680335,-36.756279689589945
263,34,0.4947564096561692,-29.073077103149245
264,37,0.5432167662787037,-19.034970116388877
265,36,0.535095680911347,-19.971295726595912
266,32,0.46420214021544837,-35.23935793536549
267,33,0.47457875732752086,-33.62637280174374
268,34,0.5024495792431836,-26.76512622704493
269,34,0.5044688720659352,-26.159338380219452
270,33,0.47854962372094434,-32.4351128837167
271,34,0.497283393281613,-28.314982015516108
272,33,0.5039273257020866,-24.821802289374006
273,39,0.5585010596625395,-17.449682101238153
274,32,0.49047625124077854,-27.35712462776644
275,33,0.49713599510411655,-26.859201468765036
276,33,0.47290753330262447,-34.12774000921266
277,34,0.4958524763451848,-28.744257096444557
278,34,0.4854134928285134,-31.875952151445972
279,31,0.4348470308518131,-42.545890744456074
280,33,0.49722828340183156,-26.83151497945053
281,35,0.4952394823297084,-30.428155301087486
282,31,0.4623561390417663,-34.293158287470106
283,34,0.5031925392423986,-26.54223822728042
284,35,0.5216251003922636,-22.512469882320914
285,33,0.4843472168484979,-30.695834945450628
286,32,0.4827560662236934,-29.673180132891986
287,32,0.4556557260882812,-37.80328217351564
288,35,0.5288551403568889,-20.343457892933344
289,32,0.47032873259456665,-33.401380221630006
291,32,0.48639499699735467,-28.5815009007936
292,30,0.441560811244571,-39.03175662662869
293,27,0.3714965312397638,-55.551040628070865
294,29,0.39525186860106487,-51.42443941968054
295,27,0.3650144580532526,-57.49566258402422
296,25,0.3347772043675974,-63.56683868972078
297,22,0.290922694480372,-72.2231916558884
298,24,0.31096210896276943,-69.21136731116917
299,23,0.300714585017829,-70.7856244946513
301,23,0.3137307452353184,-66.88077642940448
302,25,0.32283682291046034,-67.1489531268619
303,22,0.2825437221977083,-74.73688334068751
304,23,0.2837481131808204,-75.87556604575389
305,26,0.3272058642268618,-67.33824073194145
306,28,0.355220705917759,-61.9337882246723
307,28,0.36631167477762716,-58.60649756671185
308,28,0.3336926497994881,-68.39220506015357
309,25,0.3046706428214421,-72.59880715356738
311,27,0.3452551386665874,-63.423458400023776
312,27,0.3434624336812888,-63.961269895613356
313,26,0.3367994536548906,-64.46016390353282
314,27,0.3609851028918811,-58.70446913243566
315,26,0.32882488441646984,-66.85253467505905
316,27,0.341416660255355,-64.5750019233935
317,24,0.3033217539565811,-71.50347381302566
318,26,0.32137757290377067,-69.0867281288688
319,26,0.32459244540746823,-68.12226637775953
321,25,0.30585965230768863,-72.24210430769341
322,25,0.30971651718709126,-71.08504484387262
323,26,0.34631811810920965,-61.604564567237105
324,26,0.3361910449294001,-64.64268652117997
325,27,0.3382294914521182,-65.53115256436453
326,25,0.31777301522784995,-68.66809543164501
327,28,0.35265084723884144,-62.70474582834757
328,26,0.33315969642550414,-65.55209107234876
329,29,0.3589396634825093,-62.31810095524722
331,27,0.3390156232036574,-65.29531303890278
332,27,0.3347094314810093,-66.58717055569721
333,27,0.3443887860705388,-63.68336417883836
334,27,0.34226850054797353,-64.31944983560794
335,25,0.3117790650755552,-70.46628047733344
336,26,0.3416973176549263,-62.990804703522116
337,26,0.3259483907555065,-67.71548277334804
338,29,0.35086510863723674,-64.74046740882898
339,25,0.31865229359307534,-68.4043119220774
341,25,0.3194401269981384,-68.16796190055848
342,26,0.3287613602853554,-66.87159191439338
343,26,0.33285047824143277,-65.64485652757017
344,26,0.3321923627948209,-65.84229116155373
345,25,0.31883253559634284,-68.35023932109715
346,27,0.3458644063674612,-63.240678089761644
347,27,0.33835010133802257,-65.49496959859323
348,26,0.34047047610631154,-63.35885716810654
349,25,0.3163953949306375,-69.08138152080875
351,28,0.3668126498357438,-58.45620504927686
352,29,0.3713874003041582,-58.58377990875255
353,27,0.34312159044513635,-64.0635228664591
354,27,0.3386993485076246,-65.39019544771261
355,26,0.3303043851573406,-66.40868445279781
356,25,0.3190679376649683,-68.2796187005095
357,26,0.34019510157810373,-63.44146952656888
358,27,0.35064793839345754,-61.80561848196274
359,28,0.3548525153231026,-62.044245403069226
361,26,0.3360331382527093,-64.69005852418721
362,28,0.35997945729889125,-60.506162810332626
363,26,0.3239484889839872,-68.31545330480384
364,26,0.3250570393965262,-67.98288818104214
365,29,0.36364590019077525,-60.906229942767425
366,25,0.297422373878355,-74.7732878364935
367,26,0.33050285038404326,-66.34914488478702
368,27,0.34802982815207173,-62.59105155437848
369,27,0.3479640877618877,-62.61077367143369
371,26,0.3382951455533032,-64.01145633400904
372,26,0.32497762688061016,-68.00671193581695
373,27,0.33549395589214015,-66.35181323235796
374,25,0.3157811213712094,-69.26566358863718
375,28,0.34901084221682765,-63.796747334951704
376,27,0.3442119453467072,-63.736416395987845
377,25,0.3176274843393685,-68.71175469818945
378,27,0.344032519272659,-63.790244218202304
379,27,0.34795209770971525,-62.614370687085426
381,28,0.34986003421433765,-63.54198973569871
382,27,0.3426656416812932,-64.20030749561204
383,26,0.31820900587559464,-70.03729823732161
384,27,0.3407666478232727,-64.77000565301819
385,26,0.32061593312742076,-69.31522006177377
386,24,0.3122059996134041,-68.83820011597876
387,27,0.3220517287251212,-70.38448138246363
388,31,0.41017425573024724,-49.94772328092583
389,32,0.4366738996090902,-43.49783011727294
391,34,0.4787288071682809,-33.88135784951572
392,36,0.5212667897949785,-24.11996306150644
393,33,0.4586429464687569,-38.407116059372925
394,34,0.480285223804934,-33.4144328585198
395,36,0.5059980173594738,-28.700594792157858
396,74,1.3157281289174634,157.21843867523899
397,76,1.3589909584651139,167.19728753953422
398,76,1.3658403939391093,169.2521181817328
399,80,1.4074458618974717,175.73375856924156
401,77,1.3984148367393843,177.52445102181534
402,71,1.297513296417641,156.25398892529222
403,69,1.2520889028278432,145.62667084835297
404,75,1.3523038590465504,166.69115771396503
405,82,1.4167763382328715,175.53290146986154
406,86,1.4424647346372907,177.2394203911872
407,75,1.3498960033563137,165.96880100689413
408,82,1.4545488875602715,186.86466626808146
409,71,1.283791702485864,152.1375107457592
411,72,1.3036293195629227,156.58879586887682
412,75,1.3383127511970798,162.49382535912392
413,74,1.3118115118030715,156.0434535409215
414,51,0.859135154129838,54.740546238951396
415,77,1.3889579945749304,174.68739837247912
416,84,1.4826551388076439,192.29654164229316
417,78,1.3975721858666788,175.77165576000354
418,74,1.328098449859901,160.92953495797036
419,77,1.3944686048385506,176.34058145156524
421,82,1.4161349782783645,175.34049348350922
422,85,1.4937770174613263,194.13310523839792
423,72,1.3070044275637827,157.6013282691348
424,76,1.374521392139357,171.8564176418072
425,75,1.3604336042334921,169.13008127004767
426,79,1.4053035899436068,176.59107698308196
427,69,1.2645696133174695,149.37088399524094
428,86,1.5047174744180865,195.91524232542594
429,64,1.1462027033279298,121.36081099837895
431,74,1.3391987539397618,164.25962618192872
432,81,1.413548700781206,176.06461023436194
433,92,1.6205791581589253,221.67374744767773
434,87,1.5595770378663758,210.87311135991288
435,88,1.61324617702126,225.47385310637807
436,95,1.698516395613197,240.554918683959
437,110,1.9999120485224822,308.47361455674456
438,90,1.6948408947953766,246.95226843861298
439,105,1.8692007712138903,276.760231364167
441,119,2.164081991263835,344.2245973791505
442,113,2.032347137807605,313.70414134228133
443,99,1.8194690057802987,270.84070173408975
444,122,2.2289458793243995,359.18376379732
445,115,2.186257834455155,356.8773503365466
446,144,2.7173166956841115,472.69500870523325
447,125,2.397397334768236,405.2192004304708
448,121,2.432028151211128,421.6084453633384
449,153,2.7774374427584547,477.2312328275368
451,121,2.31493487053271,386.480461159813
452,139,2.604850762413882,446.4552287241649
453,124,2.3722361034234183,399.1708310270252
454,127,2.4108487729697217,406.2546318909166
455,115,2.2580599424716326,378.4179827414898
456,126,2.451615829948274,419.9847489844819
457,134,2.540187811201733,434.55634336052
458,133,2.4909897903231197,421.29693709693584
459,138,2.5502807368673572,431.584221060207
461,138,2.5188611161394974,422.15833484184895
462,144,2.7630648973962835,486.4194692188853
463,122,2.3066321684075604,382.4896505222678
464,132,2.55595248059592,442.2857441787759
465,119,2.1843865080652307,350.31595241956944
466,133,2.5210807794629275,430.3242338388783
467,130,2.5422099194316132,441.1629758294836
468,119,2.3544097509549005,401.3229252864701
469,121,2.4239763543196347,419.1929062958904
471,115,2.1286174725009346,339.58524175028026
472,121,2.3173709713390735,387.2112914017219
473,150,2.874870545927614,510.9611637782844
474,113,2.159780779920027,351.93423397600793
475,126,2.4970749885498833,433.6224965649651
476,141,2.6980897395872816,471.42692187618457
477,141,2.6803416460692446,466.1024938207735
478,146,2.900849602152398,524.7548806457194
479,146,2.7036307408486664,465.5892222545998
481,111,2.1190340524798614,342.71021574395854
482,130,2.5619388707530106,447.0816612259031
483,133,2.5080525033396057,426.41575100188163
484,136,2.577266091741535,442.6798275224604
485,122,2.3987802660924444,410.13407982773333
486,123,2.4072126477299918,411.16379431899753
487,134,2.6188931405012994,458.16794215038976
488,128,2.39278218228894,399.3346546866819
489,135,2.612090419874413,454.62712596232376
491,131,2.526560208616999,434.9680625850998
492,131,2.4137171711123457,401.1151513337037
493,122,2.3673364405048645,400.70093215145937
494,122,2.376287085804819,403.3861257414456
495,146,2.8041617430063397,495.74852290190177
496,142,2.7614573088536076,488.93719265608235
497,157,2.9428572414749254,520.8571724424773
498,125,2.445400562346805,419.6201687040416
499,133,2.467435998534903,414.2307995604709
501,145,2.7467376987721153,480.02130963163415
502,131,2.46631546120841,416.8946383625231
503,150,2.6708313469649667,449.74940408949044
504,128,2.4155263279344297,406.1578983803288
505,115,2.1911634711692685,358.34904135078045
506,146,2.7923866780989854,492.21600342969555
507,142,2.701933509913765,471.08005297412933
508,147,2.6367612418257806,444.02837254773425
509,136,2.696612326109708,478.4836978329124
511,131,2.4586333816797605,414.59001450392816
512,124,2.386166480922661,403.3499442767986
513,147,2.7915494850659,490.4648455197702
514,128,2.2879396977421464,367.8819093226439
515,114,2.2147489015784387,366.9246704735315
516,125,2.356039338441107,392.8118015323317
517,118,2.346190929576494,400.35727887294814
518,141,2.7147220486358705,476.41661459076096
519,128,2.476161503999272,424.34845119978144
521,158,3.032137629050773,546.1412887152321
522,142,2.659646577564459,458.3939732693375
523,137,2.6581227104906944,465.43681314720845
524,144,2.632600273096294,447.28008192888785
525,147,2.8574691059239896,510.2407317771969
526,149,2.6402907111029066,442.087213330872
527,151,2.95319058123102,532.957174369306
528,126,2.4529763686288675,420.3929105886601
529,139,2.7395017775553896,486.85053326661694
531,124,2.26674395246571,367.523185739713
532,121,2.2975351050575483,381.26053151726455
533,135,2.498334287261251,420.50028617837535
534,130,2.447429348117069,412.7288044351206
535,162,3.1231384523958425,567.441535718753
536,120,2.366090845676972,403.3272537030914
537,147,2.8595740616678356,510.8722185003505
538,141,2.6835759709823535,467.072791294706
539,127,2.5422557191812345,445.67671575436975
541,147,2.7193401453727972,468.80204361183894
542,123,2.3380622505182984,390.41867515548967
543,125,2.337268337796438,387.18050133893126
544,126,2.46525765334313,424.0772960029391
545,118,2.2612575421829604,374.8772626548879
546,119,2.2310521055125463,364.3156316537639
547,134,2.6437387011138043,465.621610334141
548,119,2.4018923432681305,415.5677029804391
549,129,2.54235846395693,442.7075391870793
551,126,2.568091385692952,454.9274157078854
552,163,3.188044597345403,585.413379203621
553,126,2.52528170633812,442.0845119014361
554,120,2.3787180691618346,407.11542074855026
555,114,2.2400712529108233,374.5213758732471
556,142,2.735854374896917,481.2563124690751
557,158,3.031523346498979,545.9570039496936
558,121,2.370310037554212,403.09301126626355
559,133,2.484488474193604,419.3465422580812
561,136,2.591527190313549,446.958157094065
562,120,2.315172521216283,388.051756364885
563,142,2.7859025601490757,496.2707680447225
564,147,2.736095853367644,473.82875601029315
565,134,2.655794187761927,469.238256328578
566,133,2.566880023493219,444.0640070479655
567,140,2.6363704035181144,454.4111210554345
568,120,2.3238287673685463,390.6486302105641
569,136,2.6438548785610365,462.65646356831064
571,137,2.697817699646947,477.3453098940844
572,149,2.954546263666991,536.3638791000974
573,138,2.643244897997903,459.47346939937086
574,121,2.2346218646227385,362.3865593868213
575,127,2.3918440410870048,400.5532123261014
576,130,2.4339231592285415,408.67694776856274
577,149,2.7868341811741004,486.05025435222996
578,132,2.5459250963888636,439.2775289166592
579,117,2.3193639720629804,393.80919161889403
581,135,2.611667038592664,454.5001115777993
582,152,2.847720823917413,499.81624717522385
583,111,2.1259816785873156,344.794503576195
584,150,2.847761500397347,502.82845011920404
585,135,2.453533258646061,407.0599775938184
586,120,2.255191932238276,370.0575796714827
587,129,2.417036180597492,405.11085417924755
588,136,2.732196120070185,489.15883602105566
589,128,2.4842328493361165,426.769854800835
591,137,2.7053063065687937,479.59189197063813
592,141,2.8013144269779815,502.39432809339417
593,108,2.052753065841358,327.32591975240734
594,132,2.4915833294079945,422.97499882239856
595,125,2.314542170982527,380.3626512947579
596,119,2.2705444675330924,376.1633402599275
597,114,2.1623045716107825,351.1913714832347
598,133,2.5074812854334354,426.2443856300307
599,138,2.7132832514036522,480.48497542109556
601,127,2.5120549287141216,436.6164786142366
602,128,2.4438197008503124,414.6459102550938
603,120,2.2822627925515064,378.1788377654518
604,144,2.6985214956788752,467.05644870366245
605,142,2.8072646174157754,502.6793852247327
606,128,2.3913744564454333,398.91233693363
607,134,2.5626864280459927,441.3059284137978
608,135,2.540386511324094,433.1159533972284
609,140,2.773676989455936,495.603096836781
611,132,2.625152838585585,463.04585157567556
612,118,2.2930123757414336,384.40371272243
613,134,2.615289768083251,457.08693042497544
614,141,2.6654714207513166,461.64142622539475
615,138,2.680764679957555,470.7294039872662
616,131,2.4311618127643726,406.3485438293119
617,130,2.4262556195631717,406.37668586895177
618,131,2.4882343501300497,423.47030503901476
619,142,2.8647362603707265,519.9208781112179
621,160,3.074990257697401,555.9970773092205
622,133,2.585324475702876,449.5973427108628
623,124,2.25664162544755,364.4924876342651
624,136,2.64608534398635,463.32560319590516
625,145,2.9055624210932507,527.6687263279753
626,137,2.6006980761450365,448.20942284351077
627,126,2.3800317377812803,398.50952133438415
628,121,2.3362706277857797,392.881188335734
629,131,2.5953237186824936,455.59711560474796
631,116,2.195899456367343,358.2698369102029
632,126,2.3605091880425704,392.6527564127708
633,138,2.7226062549959025,483.28187649877043
634,122,2.3644902309931553,399.8470692979463
635,132,2.4870754167692724,421.62262503078176
636,129,2.4629451549107486,418.8835464732243
637,124,2.31359140302137,381.57742090641096
638,133,2.48976865747764,420.93059724329225
639,138,2.588841476042269,443.1524428126807
641,130,2.5339120403933606,438.67361211800835
642,129,2.5544000202488206,446.32000607464613
643,141,2.6860826920724534,467.8248076217361
644,139,2.6361836858318597,455.855105749558
645,132,2.574304175474772,447.7912526424317
646,121,2.2298327263650535,360.9498179095162
647,130,2.4583821003489916,416.0146301046974
648,126,2.4737108364246367,426.6132509273912
649,154,2.902339956091488,513.2019868274465
651,114,2.13562235392979,343.186706178937
652,137,2.558227761038843,435.46832831165284
653,131,2.488160582782328,423.4481748346984
654,157,3.0154523939235673,542.6357181770704
655,131,2.4877406677291845,423.32220031875516
656,126,2.332611461570643,384.28343847119305
657,118,2.1503398113497596,341.6019434049279
658,142,2.6720621201825523,462.1186360547655
659,106,2.038031724347128,325.9095173041385
661,129,2.493986828737846,428.1960486213537
662,130,2.4195679844177107,404.3703953253133
663,154,2.7947646987468104,480.92940962404293
664,132,2.535444790212928,436.13343706387855
665,125,2.3609231741927914,394.2769522578376
666,123,2.3783978456868624,402.5193537060587
667,109,2.077180097778374,333.1540293335125
668,165,3.103420313180358,557.0260939541079
669,134,2.463079990462319,411.42399713869594
671,119,2.2912444318036407,382.3733295410921
672,147,2.727787781566761,471.3363344700281
673,128,2.461248038945044,419.8744116835131
674,133,2.5567241588568734,441.01724765706206
675,130,2.469179453952357,419.253836185707
676,136,2.5140925518622765,423.72776555868313
677,137,2.562555441443962,436.7666324331884
678,141,2.759079758409051,489.7239275227155
679,141,2.723623343326075,479.08700299782254
681,129,2.4997495413822293,429.924862414669
682,144,2.7573819590320454,484.71458770961374
683,145,2.7362306226324264,476.8691867897279
684,137,2.565094261354851,437.52827840645523
685,125,2.4711741120179056,427.3522336053716
686,126,2.4036098417732106,405.58295253196303
687,136,2.4627018252725748,408.3105475817725
688,139,2.6917406500067997,472.5221950020399
689,146,2.705420242745248,466.1260728235743
691,135,2.574704802788837,443.4114408366512
692,150,2.8766350555680873,511.4905166704261
693,146,2.6651889661164105,454.05668983492313
694,141,2.6905324408621993,469.15973225866003
695,126,2.422564957847264,411.2694873541794
696,123,2.4448925908436436,422.4677772530931
697,127,2.436727320620122,414.0181961860367
698,128,2.4514431818422935,416.9329545526881
699,144,2.6817284394323764,462.01853182971274
701,138,2.502185895761521,417.155768728456
702,120,2.3261975077658192,391.3592523297459
703,128,2.4056786915141757,403.20360745425285
704,150,2.9072317311309916,520.6695193392975
705,119,2.380171895044491,409.05156851334726
706,112,2.1098956924951295,338.46870774853903
707,142,2.6619406805008055,459.08220415024175
708,128,2.5219292078391575,438.07876235174723
709,132,2.566393231190375,445.41796935711244
711,136,2.602354853791887,450.2064561375661
712,128,2.474744172564641,423.9232517693921
713,138,2.592976538151362,444.39296144540833
714,141,2.6615345212974404,460.4603563892316
715,131,2.604242286639014,458.2726859917041
716,117,2.274287914019787,380.28637420593617
717,127,2.3868542115118316,399.0562634535496
718,136,2.7459727388067634,493.29182164202916
719,138,2.7415623054081664,488.96869162245
721,129,2.5040809685043683,431.2242905513108
722,128,2.4724860214183764,423.24580642551285
723,117,2.2313213337191087,367.3964001157326
724,146,2.7294162081578364,473.32486244735117
725,138,2.7884768715171546,503.0430614551462
726,126,2.3271576342770217,382.6472902831066
727,116,2.2681323607159953,379.93970821479866
728,139,2.5461962059910164,428.85886179730505
729,124,2.3342650276204466,387.7795082861338
731,129,2.3828862142724745,394.86586428174246
732,110,2.144338928249411,351.8016784748233
733,146,2.7215873922743583,470.97621768230727
734,128,2.4831159457079224,426.4347837123764
735,163,3.0178663019404652,534.3598905821401
736,107,2.060525355993768,331.15760679813025
737,121,2.467552686484872,432.2658059454618
738,141,2.6745403031302075,464.36209093906234
739,113,2.308127556291325,396.4382668873976
741,134,2.514033771975747,426.71013159272445
742,110,2.212558620682053,372.267586204616
743,120,2.213691019080848,357.6073057242545
744,142,2.77646159944225,493.43847983267483
745,125,2.5039547583566346,437.1864275069902
746,137,2.615791129032715,452.73733870981437
747,141,2.768374558015502,492.51236740465094
748,124,2.418506170240171,413.0518510720512
749,137,2.661189454714112,466.3568364142334
751,119,2.2077358998375587,357.3207699512677
752,142,2.6659094236499783,460.27282709499366
753,145,2.73750648183902,477.25194455170623
754,129,2.4889833022231684,426.69499066695056
755,132,2.633040478427958,465.4121435283872
756,123,2.4315675072998886,418.4702521899667
757,147,2.6512945525834724,448.3883657750415
758,134,2.583095107775705,447.4285323327115
759,123,2.2973377229709087,378.2013168912727
761,142,2.7501407665376263,485.54222996128755
762,138,2.7698886805100216,497.46660415300653
763,143,2.707355728147398,471.20671844421906
764,142,2.708160402369039,472.9481207107116
765,144,2.729859067435619,476.4577202306853
766,119,2.3098805358088796,387.96416074266415
767,142,2.6325130552552167,450.25391657656496
768,146,2.6806411558367245,458.6923467510177
769,123,2.3676388157744697,399.2916447323407
771,152,2.9295259445427675,524.3577833628304
772,126,2.4008419021918286,404.75257065754863
773,118,2.1906978775808454,353.7093632742535
774,143,2.733124417211563,478.93732516346915
775,152,2.9117582263839594,519.0274679151876
776,155,2.8749876278819073,503.4962883645727
777,146,2.8687607643194752,515.1282292958424
778,123,2.336097269004185,389.82918070125544
779,118,2.2607857775754994,374.73573327265
781,123,2.3813475389555308,403.40426168665914
782,142,2.7423549246234415,483.2064773870327
783,128,2.352844921902964,387.35347657088903
784,113,2.145512108451129,347.65363253533855
785,124,2.322735987404947,384.32079622148393
786,146,2.6675729981457934,454.77189944373833
787,129,2.4772351673318838,423.17055019956535
788,130,2.4701719284028343,419.55157852085034
789,121,2.368603456879292,402.5810370637875
791,135,2.505961732528675,422.78851975860255
792,117,2.3183919537453264,393.51758612359777
793,136,2.5365774875845375,430.47324627536136
794,163,3.0738782943956338,551.1634883186902
795,117,2.23073082277363,367.2192468320892
796,151,2.815792196622155,491.7376589866466
797,124,2.2702680929684718,368.5804278905416
798,157,2.978425274856292,531.5275824568876
799,138,2.641483220762453,458.944966228736
801,130,2.5724578576691,450.23735730072997
802,132,2.5618408376777353,444.0522513033206
803,145,2.8529195987274534,511.87587961823624
804,127,2.406205964254248,404.8617892762741
805,121,2.240099971814253,364.0299915442758
806,110,2.185076485187814,364.02294555634415
807,138,2.709225156678464,479.267547003539
808,133,2.5653932717069665,443.61798151209
809,109,2.125942067886605,347.7826203659814
811,119,2.2723488455847587,376.7046536754276
812,147,2.7867604911229122,489.0281473368738
813,134,2.5662737781557183,442.38213344671556
814,144,2.7299108205968636,476.4732461790588
815,130,2.600364145403759,458.60924362112803
816,137,2.5652147021095217,437.56441063285655
817,114,2.153133091457782,348.439927437335
818,141,2.6570387342308166,459.11162026924507
819,150,2.79914175366153,488.24252609845905
821,127,2.3866637365121193,398.99912095363584
822,139,2.7257537286674776,482.7261186002432
823,131,2.511664205649936,430.49926169498076
824,120,2.31479412342717,387.9382370281511
825,124,2.2628590019431485,366.3577005829445
826,139,2.5761424930544194,437.84274791632595
827,120,2.3314334320051273,392.9300296015382
828,140,2.7926237812046324,501.2871343613897
829,138,2.677241492676785,469.6724478030354
831,140,2.712472739920223,477.24182197606694
832,139,2.661012310634277,463.30369319028284
833,128,2.4271940659309195,409.658219779276
834,125,2.3142503802785015,380.2751140835506
835,147,2.6947388987660617,461.4216696298187
836,134,2.4058188070245308,394.2456421073591
837,143,2.6806851341268185,463.2055402380457
838,124,2.5805498706537264,461.66496119611804
839,136,2.6163520318366054,454.4056095509814
841,112,2.091258198409747,332.8774595229241
842,143,2.8867508155587274,525.0252446676184
843,119,2.3464035791136837,398.9210737341049
844,140,2.6464119865960285,457.42359597880886
845,139,2.69989476342176,474.9684290265277
846,137,2.5852059191542054,443.56177574626173
847,131,2.4801306951339015,421.0392085401706
848,146,2.9345406931257614,534.862207937729
849,128,2.403744926947482,402.6234780842444
851,126,2.400189319944481,404.5567959833444
852,114,2.1577687398821794,349.83062196465403
853,126,2.3411989213665123,386.85967640995364
854,127,2.5676611456487493,453.29834369462515
855,136,2.558003915418361,436.90117462550825
856,127,2.4761670820010977,425.8501246003293
857,139,2.55958213055807,432.8746391674207
858,147,2.8114491766064873,496.43475298194585
859,142,2.6950181576044088,469.00544728132274
861,112,2.1213584674822386,341.90754024467157
862,130,2.5261826566452825,436.3547969935848
863,129,2.5287907224686776,438.63721674060344
864,140,2.661626703321261,461.9880109963783
865,130,2.4151519349916484,403.0455804974948
866,139,2.691535755503139,472.46072665094175
867,134,2.6542335660229597,468.7700698068879
868,130,2.467973083973078,418.8919251919234
869,147,2.812874531866818,496.8623595600456
871,123,2.3518148324862764,394.54444974588284
872,132,2.5273544916016917,433.70634748050793
873,143,2.8642529933296004,518.2758979988798
874,130,2.493717347906639,426.6152043719919
875,124,2.3124701024043475,381.24103072130424
876,126,2.3819286161364275,399.07858484092844
877,105,2.019415458880644,321.8246376641931
878,136,2.670608806174201,470.6826418522602
879,143,2.713309723965672,472.9929171897014
881,151,2.8760671535019924,509.82014605059794
882,129,2.542751753078626,442.82552592358763
883,149,2.8475759203341795,504.27277610025374
884,147,2.8293891765868295,501.81675297604863
885,118,2.1777446374071374,349.82339122214137
886,127,2.4965920224948803,431.9776067484642
887,154,2.8857548696354343,508.22646089063
888,140,2.66303592680503,462.4107780415087
889,122,2.3424614937580728,393.2384481274215
891,134,2.4354963258647615,403.14889775942845
892,138,2.617382081564621,451.7146244693862
893,132,2.510190733214827,428.5572199644482
894,145,2.616552701786702,440.9658105360102
895,148,2.6755569173974507,454.1670752192353
896,136,2.557603309936283,436.78099298088506
897,141,2.793410754544375,500.0232263633126
898,138,2.5699938388261003,437.49815164782996
899,137,2.5367476300300495,429.0242890090152
901,160,2.899710361537764,503.41310846132933
902,119,2.3266444182506802,392.9933254752042
903,141,2.61743134426726,447.2294032801781
904,126,2.382686350609518,399.3059051828553
905,165,3.1377860926300727,567.3358277890219
906,140,2.6091874025947916,446.2562207784374
907,131,2.445350694280222,410.60520828406663
908,130,2.416052455069668,403.31573652090026
909,135,2.6688175180698295,471.64525542094884
911,133,2.5124017167964894,427.7205150389466
912,148,2.7670064233178735,481.6019269953615
913,132,2.4731247722620466,417.43743167861373
914,137,2.6211130675234386,454.33392025703176
915,122,2.365501407809198,400.1504223427594
916,133,2.5643874161698648,443.3162248509593
917,148,2.8777849563435325,514.8354869030599
918,140,2.8446170125195493,516.8851037558652
919,133,2.598029664658938,453.4088993976817
921,125,2.2848134198640153,371.44402595920474
922,125,2.3290265072561027,384.70795217683076
923,102,1.9791144267409706,314.23432802229127
924,133,2.5305094381515403,433.1528314454621
925,133,2.5848474722478656,449.45424167435965
926,130,2.404795906233403,399.9387718700208
927,130,2.4581261985177534,415.93785955532564
928,133,2.6354604384586793,464.63813153760384
929,135,2.6516116485153063,466.48349455459174
931,122,2.2430214857212363,363.40644571637097
932,149,2.9662942443608813,539.8882733082645
933,142,2.7120909550186454,474.1272865055937
934,146,2.7637775850601756,483.6332755180531
935,132,2.635573968132249,466.17219043967475
936,134,2.6164416581845558,457.43249745536696
937,135,2.6252892976569697,458.58678929709106
938,132,2.4620541507779024,414.1162452333708
939,116,2.1913527536994053,356.90582610982165
941,118,2.205162852550771,358.0488557652313
942,127,2.445746934299649,416.724080289895
943,136,2.644990729457085,462.99721883712556
944,143,2.7688523131222595,489.65569393667784
945,150,2.921666000058977,524.999800017693
946,126,2.3675828628654685,394.7748588596405
947,121,2.2616935541217487,370.5080662365249
948,136,2.606650580254559,451.49517407636733
949,128,2.485171506121411,427.0514518364231
951,145,2.7443044041240015,479.29132123720075
952,130,2.4429243520437893,411.37730561313646
953,134,2.5841527888252642,447.74583664757915
954,137,2.5993474878224276,447.8042463467281
955,129,2.432651707434509,409.79551223035253
956,149,2.9156300499258805,524.6890149777645
957,121,2.3696674933719777,402.90024801159336
958,129,2.404587187547442,401.3761562642326
959,151,2.8600428179664448,505.0128453899333
961,132,2.5303678881546574,434.6103664463974
962,127,2.515067176214721,437.52015286441656
963,146,2.729375205663409,473.31256169902275
964,133,2.661934635400904,472.58039062027126
965,142,2.817225320518304,505.6675961554912
966,134,2.5003814392683026,422.61443178049063
967,125,2.3911157556801896,403.3347267040571
968,143,2.63603635080964,449.81090524289186
969,122,2.4127783139838215,414.3334941951464
971,115,2.1649554044620984,350.48662133862956
972,132,2.4998115774873,425.44347324619014
973,137,2.749718604116005,492.9155812348011
974,121,2.1985862342844342,351.5758702853303
975,162,2.8790290099445244,494.2087029833573
976,150,2.9085280355526137,521.0584106657838
977,140,2.6607853255112346,461.7355976533704
978,116,2.1927408444718566,357.32225334155714
979,131,2.4604979677361456,415.14939032084357
981,129,2.410100518445084,403.0301555335255
982,131,2.4970333694436135,426.1100108330839
983,122,2.4580348551538975,427.91045654616926
984,140,2.7097969734017084,476.43909202051253
985,146,2.7913017747101208,491.8905324130362
986,154,2.810508668798029,485.6526006394086
987,113,2.1928431692458688,361.85295077376054
988,120,2.333809911658733,393.64297349761983
989,110,2.2253561726200246,376.10685178600744
991,155,2.854507228370643,497.352168511193
992,113,2.2006591533673756,364.1977460102126
993,132,2.5062097763740923,427.3629329122276
994,122,2.3127186958482895,384.31560875448673
995,125,2.4150795895681156,410.5238768704345
996,118,2.2712121474958025,377.8636442487407
997,131,2.5564998780673918,443.9499634202173
998,114,2.0785605647224443,326.0681694167333
999,146,2.8093508342762945,497.305250282888
1001,138,2.700019226350136,476.50576790504056
1002,147,2.889891698522881,519.9675095568641
1003,142,2.740349539595023,482.6048618785071
1004,115,2.172683004147551,352.80490124426507
1005,141,2.833253006184222,511.97590185526684
1006,134,2.6007715175611565,452.7314552683473
1007,140,2.859943952902192,521.4831858706575
1008,132,2.716325668613379,490.3977005840137
1009,131,2.4810392496052955,421.3117748815888
1011,120,2.372236285382577,405.17088561477294
1012,142,2.6609208767932486,458.7762630379747
1013,148,2.9380252282113233,532.9075684633971
1014,139,2.7743661981429213,497.3098594428766
1015,151,2.8312070826723854,496.3621248017156
1016,116,2.249018864248036,374.2056592744111
1017,122,2.374900448682425,402.9701346047274
1018,126,2.3972626588461097,403.678797653833
1019,119,2.3523983277331055,400.7194983199315
